game,score,checked_images,ad_url,ad_title,best_image_url,local_file
Metallica,108,4,https://pinside.com/pinball/market/classifieds/archive/200411,For sale: Metallica (Pro) w/ COLORDMD - for sale | Pinside Market,https://imgproxy.pinside.com/tjTqinW3W6AldQJbXx4fxUj_VNlrAzCuAsrpd361KYM/rs:fit:3000:3000/fn:pinside_market_200411_3_ea1824730d34/wm:0.8:soea:10:10:0.07/wmu:aHR0cHM6Ly9waW5zaWRlLmNvbS9pbWcvbG9nby9waW5zaWRlLXdhdGVybWFyay1mdWxsLW9wLnN2Zw/enc/phTFURsqye0sKxQPJjLhbp-c4DeK1Ro9KjVXY0z2z9JtYrl58Zdz22cuFSrT6ORPpKBOBJus32fZfYmurxOAD6wRqQW6X6IAZmdHcnZHZUSOiyOU5gslNCXh6J7uZJn9.jpeg,/Users/pillyliu/Documents/Codex/Pillyliu Pinball Website/shared/pinball/images/playfields/metallica.jpeg
Metallica,111.6,4,https://pinside.com/pinball/market/classifieds/archive/203355,For sale: Metallica Remastered (Premium) - for sale | Pinside Market,https://imgproxy.pinside.com/2eKWOSQGcp_E48Fv9KgkX8acByUNog4dpKBs8pEaUCM/rs:fit:3000:3000/fn:pinside_market_203355_bffb89a572ce/wm:0.8:soea:10:10:0.07/wmu:aHR0cHM6Ly9waW5zaWRlLmNvbS9pbWcvbG9nby9waW5zaWRlLXdhdGVybWFyay1mdWxsLW9wLnN2Zw/enc/9I1CG5qsxENkZ0dvxGYASph4WgWcP9oZC1Rneb3KeuS7eAlZe39-jzSRnPsvILIZMN3rAW32dcir4wWCClslWk4uh0WZ4ldwZmL3SbGIlUq5VFwUmUu6PjErh4-AvzKP.jpg,/Users/pillyliu/Documents/Codex/Pillyliu Pinball Website/shared/pinball/images/playfields/metallica.jpeg
Metallica,117.6,4,https://pinside.com/pinball/market/classifieds/archive/204770,"For sale: Metallica (Premium) with $3,500 in mods - for sale | Pinside Market",https://imgproxy.pinside.com/iMQUeiCnVBukYE2G_E9CdVcSpB_i_BE5sVfVkvfsGQM/rs:fit:3000:3000/fn:pinside_market_204770_3_2f55f0e93e1f/wm:0.8:soea:10:10:0.07/wmu:aHR0cHM6Ly9waW5zaWRlLmNvbS9pbWcvbG9nby9waW5zaWRlLXdhdGVybWFyay1mdWxsLW9wLnN2Zw/enc/q8EvHR4PlUHLdW9b0QYoSi0wGW83xAiqM06kryopUJcjxElxidtSOWiBY6w3Mexi1M_IKpKADEmgYpOS3vd4rQNDC326JhzcR7zNNXNkO2V2cABL3V7et095FiArK-Eu.jpeg,/Users/pillyliu/Documents/Codex/Pillyliu Pinball Website/shared/pinball/images/playfields/metallica.jpeg
Metallica,118,4,https://pinside.com/pinball/market/classifieds/archive/202066,For sale: Metallica Master of Puppets (LE) - for sale | Pinside Market,https://imgproxy.pinside.com/C9_mcCgvovGI17eQX08omGJsJajds_JTeutIezeQUbM/rs:fit:3000:3000/fn:pinside_market_202066_2_b5f421a512e2/wm:0.8:soea:10:10:0.07/wmu:aHR0cHM6Ly9waW5zaWRlLmNvbS9pbWcvbG9nby9waW5zaWRlLXdhdGVybWFyay1mdWxsLW9wLnN2Zw/enc/ZgpyWkWL10q68xyagR6NGPTEXxnyf3cd63ynjS4O-aDQIpjeDVNx6n5zGpuiMY1sw42B-c76RTAwUTtJNDc2OyqbWSsPuVWWyIwbBtwIWT0T0kXVytoKvnTZjN0mD9LU.jpeg,/Users/pillyliu/Documents/Codex/Pillyliu Pinball Website/shared/pinball/images/playfields/metallica.jpeg
Metallica,122.8,4,https://pinside.com/pinball/market/classifieds/archive/207722,"FS/T: Metallica Premium - LOW Plays, ColorDMD - for sale | Pinside Market",https://imgproxy.pinside.com/PepcoVczeR7QcHcZvG-gplq8mj6Jw6kupK_9Ni-EhKs/rs:fit:3000:3000/fn:pinside_market_207722_fa9b0fa60848/wm:0.8:soea:10:10:0.07/wmu:aHR0cHM6Ly9waW5zaWRlLmNvbS9pbWcvbG9nby9waW5zaWRlLXdhdGVybWFyay1mdWxsLW9wLnN2Zw/enc/mbsEOR0m-atzsP73sVsPVQRbZsMIRXquWUi6AzDJuH4-1tjnJBDKtUfJD1g69aH1yWtR1gSiacI-cmm191AHxbw4ZAeKlMp1dqjVjxzv8JgPlKyhx0gypYwSI0Rx6ugR.jpg,/Users/pillyliu/Documents/Codex/Pillyliu Pinball Website/shared/pinball/images/playfields/metallica.jpeg
The Simpsons Pinball Party,108.8,4,https://pinside.com/pinball/market/classifieds/archive/196753,For sale: The Simpsons Pinball Party COLOR DMD - for sale | Pinside Market,https://imgproxy.pinside.com/n8laWjz_4opF1_tsq9nrrqFLiFJK3AKz_Y62SaQjx1c/rs:fit:3000:3000/fn:pinside_market_196753_d8ee5388def8/wm:0.8:soea:10:10:0.07/wmu:aHR0cHM6Ly9waW5zaWRlLmNvbS9pbWcvbG9nby9waW5zaWRlLXdhdGVybWFyay1mdWxsLW9wLnN2Zw/enc/2onBTtAI2wK8htECU5t9aJnLpo81bKZUWW0VJ9yYMdqKjzreaFclQz43a9eGF46s9fhBSRHxcX9y8FyWmZH9g41w0Q_gY089iK2DHC8BLSZnKoLdHqSsvrQGoxtgPOkv.jpeg,/Users/pillyliu/Documents/Codex/Pillyliu Pinball Website/shared/pinball/images/playfields/the-simpsons-pinball-party.jpg
The Simpsons Pinball Party,112.8,4,https://pinside.com/pinball/market/classifieds/archive/192949,For sale: The Simpsons Pinball Party - for sale | Pinside Market,https://imgproxy.pinside.com/PSv_lYEJs2_E3L6HTPhGDnB9E8cAP6Acpdz69iAQyc8/rs:fit:3000:3000/fn:pinside_market_192949_2_d44c16d51a17/wm:0.8:soea:10:10:0.07/wmu:aHR0cHM6Ly9waW5zaWRlLmNvbS9pbWcvbG9nby9waW5zaWRlLXdhdGVybWFyay1mdWxsLW9wLnN2Zw/enc/0YcXVQX7It1ssP4OPaFspOTWBrqcfNIjVx3_okqByn9y3tiNhTBwjnWgtQP9n7EcE9j-TTS6PE5vgLko6jE9nk1M20plCGHqWcCtviffBnkrOXF9nNJjMs25LgozT2Vg.jpeg,/Users/pillyliu/Documents/Codex/Pillyliu Pinball Website/shared/pinball/images/playfields/the-simpsons-pinball-party.jpg
The Simpsons Pinball Party,116.8,4,https://pinside.com/pinball/market/classifieds/archive/200897,For sale: The Simpsons Pinball Party - for trade | Pinside Market,https://imgproxy.pinside.com/0p1EJdiBawaNhgJv4FvD1P8yTC_Dm0GBE1_mWLUEO0U/rs:fit:3000:3000/fn:pinside_market_200897_8e71beaaf634/wm:0.8:soea:10:10:0.07/wmu:aHR0cHM6Ly9waW5zaWRlLmNvbS9pbWcvbG9nby9waW5zaWRlLXdhdGVybWFyay1mdWxsLW9wLnN2Zw/enc/5NcN6lbuVa6Wk__3QkoB6lP4VUdVmCtz3yHaQW-DEP_bAXr8-mQCzztQc-T8UIpGHLBNB0nUexs8PuecieTAIyYMfb2RDmpcSqhBgfXjnNlAdzEaOB0Mpyle86yu0Wt8.jpeg,/Users/pillyliu/Documents/Codex/Pillyliu Pinball Website/shared/pinball/images/playfields/the-simpsons-pinball-party.jpg
The Simpsons Pinball Party,117.2,4,https://pinside.com/pinball/market/classifieds/archive/191212,For sale: The Simpsons Pinball Party - for sale | Pinside Market,https://imgproxy.pinside.com/wezX0nN-Y_ANMUSnUaGK1cdQrQzZ8FHfCXBUwtZ-XBo/rs:fit:3000:3000/fn:pinside_market_191212_2_d89e5d43e711/wm:0.8:soea:10:10:0.07/wmu:aHR0cHM6Ly9waW5zaWRlLmNvbS9pbWcvbG9nby9waW5zaWRlLXdhdGVybWFyay1mdWxsLW9wLnN2Zw/enc/BZtwuYJoLrbrPnkw0aytAZad_dKcyBM8wIc8erM1njYhUH38XdfcbjrAfEC2b4ZEx11MzuLAeYfgh7XtvJHMvtfBNrZQdqxYJ8uPVJKMQ_ODul54HarcIxjdEdkJBqxi.jpeg,/Users/pillyliu/Documents/Codex/Pillyliu Pinball Website/shared/pinball/images/playfields/the-simpsons-pinball-party.jpg
The Simpsons Pinball Party,128.4,4,https://pinside.com/pinball/market/classifieds/archive/190652,For sale: The Simpsons Pinball Party - for sale | Pinside Market,https://imgproxy.pinside.com/eybfDv8R5dQI5aRyUx9pIy71jxmpV3z6QEFFq88K5g0/rs:fit:3000:3000/fn:pinside_market_190652_1_7bb17b9a794d/wm:0.8:soea:10:10:0.07/wmu:aHR0cHM6Ly9waW5zaWRlLmNvbS9pbWcvbG9nby9waW5zaWRlLXdhdGVybWFyay1mdWxsLW9wLnN2Zw/enc/YmSmQF0Db54XEt02lfqqaLLK0zZ7rAl_7RI378IvtnPDwxJ58-UrsIKjgaGyRJhZcsDBJ6rDabs3BLkm7dQ42z8eHMhfJVDAhOjJW_O8rkV-A1G06l1M8eG-3xohogu0.jpeg,/Users/pillyliu/Documents/Codex/Pillyliu Pinball Website/shared/pinball/images/playfields/the-simpsons-pinball-party.jpg
The Getaway: High Speed II,111.6,4,https://pinside.com/pinball/market/classifieds/archive/187690,For sale: The Getaway: High Speed II - for sale | Pinside Market,https://imgproxy.pinside.com/r1FLYc0HIg8oBk016rHvM5yzghVb4ZdFAn2pnFzjgBM/rs:fit:3000:3000/fn:pinside_market_187690_3_eb4583c0fcf2/wm:0.8:soea:10:10:0.07/wmu:aHR0cHM6Ly9waW5zaWRlLmNvbS9pbWcvbG9nby9waW5zaWRlLXdhdGVybWFyay1mdWxsLW9wLnN2Zw/enc/SNFBF6F1GpwX8X6v1AVhSC7-Rhfq_bBt-CTmyFNhBmOCg0iZ4RWleFMgHUXBE9kfE8opont40c52WhfSMBgpj9qrGqR48_8gqCXrQJVvKyBYJU5Yta8F2jJi0k8PUmro.jpg,/Users/pillyliu/Documents/Codex/Pillyliu Pinball Website/shared/pinball/images/playfields/the-getaway-high-speed-ii.jpg
The Getaway: High Speed II,116.8,4,https://pinside.com/pinball/market/classifieds/archive/193766,For sale: The Getaway: High Speed II - for sale | Pinside Market,https://imgproxy.pinside.com/Avcv9ZvAKjU19hvNhgmifvuelIGzhIE60v9KX_LasSM/rs:fit:3000:3000/fn:pinside_market_193766_1_72e05ed3a1b9/wm:0.8:soea:10:10:0.07/wmu:aHR0cHM6Ly9waW5zaWRlLmNvbS9pbWcvbG9nby9waW5zaWRlLXdhdGVybWFyay1mdWxsLW9wLnN2Zw/enc/Iy5URG5qiUKMcG_X1_ZvL_nFwv1f11H9gC23-K4zsPip_GEuayX_4SLayYk4-3JjFMvWlgqn2cNN_zs01FPmC9A7uHkE6JZezFbEfV1dWAR4aDN8xAYnaDXcNE3MmTj6.jpeg,/Users/pillyliu/Documents/Codex/Pillyliu Pinball Website/shared/pinball/images/playfields/the-getaway-high-speed-ii.jpg
The Getaway: High Speed II,116.8,4,https://pinside.com/pinball/market/classifieds/archive/174035,For sale: The Getaway: High Speed II - for sale | Pinside Market,https://imgproxy.pinside.com/TdfHkFaT4JmDv1Ohu96RsGiNR-Qq_NTnVw-mHiqQLok/rs:fit:3000:3000/fn:pinside_market_174035_2_35f482af53a9/wm:0.8:soea:10:10:0.07/wmu:aHR0cHM6Ly9waW5zaWRlLmNvbS9pbWcvbG9nby9waW5zaWRlLXdhdGVybWFyay1mdWxsLW9wLnN2Zw/enc/tZBAoqQapGs2plRLXhfOeabjpyQGSKGtMLMpLPtKeCjHDUQ2YjDwRjre4Dg4JkSb9DH4CZQPguB9tqWQb9aUnE5DH_gn3qq36G7SXgxw4oZuv7OkFLa7JTz0RAl5FO9j.jpeg,/Users/pillyliu/Documents/Codex/Pillyliu Pinball Website/shared/pinball/images/playfields/the-getaway-high-speed-ii.jpg
The Getaway: High Speed II,118,4,https://pinside.com/pinball/market/classifieds/archive/200572,For sale: The Getaway: High Speed II - for sale | Pinside Market,https://imgproxy.pinside.com/Dlkqja__FhmdvyHdEl0tWdlQzpK8UOstResrp8AZa3g/rs:fit:3000:3000/fn:pinside_market_200572_2_d248dce2cbe7/wm:0.8:soea:10:10:0.07/wmu:aHR0cHM6Ly9waW5zaWRlLmNvbS9pbWcvbG9nby9waW5zaWRlLXdhdGVybWFyay1mdWxsLW9wLnN2Zw/enc/00fELQi-C2fdpzmEVzwLP2cw1jv3QP4fn14Akp6c-hx5C0hJ454easF3SzA5yImoUCMbusAYbo8JVOYoDC7SRYrmdbWfVi5vH6PkvcYAFeW1ulFqQfRcTI1YZyGQ5O41.jpeg,/Users/pillyliu/Documents/Codex/Pillyliu Pinball Website/shared/pinball/images/playfields/the-getaway-high-speed-ii.jpg
The Getaway: High Speed II,126.4,4,https://pinside.com/pinball/market/classifieds/archive/188425,For sale: The Getaway: High Speed II - for sale | Pinside Market,https://imgproxy.pinside.com/pEAc1CL3CZugr_KwJXqRXjI4VYcSPlZoFsYY5GR5FSg/rs:fit:3000:3000/fn:pinside_market_188425_3_1442181c37a6/wm:0.8:soea:10:10:0.07/wmu:aHR0cHM6Ly9waW5zaWRlLmNvbS9pbWcvbG9nby9waW5zaWRlLXdhdGVybWFyay1mdWxsLW9wLnN2Zw/enc/IA6NVsdyFLupiVoEAY8LVY05PvWgzIOgYSlwSog7HxiqCeAkBVCYlWXa8J6qgDlfsvQYnMVsJ1NUicyyIEynu4m24RLwhfPWLzxLFRa__lhEq0DqQ7eQCkMeykGgDdML.jpg,/Users/pillyliu/Documents/Codex/Pillyliu Pinball Website/shared/pinball/images/playfields/the-getaway-high-speed-ii.jpg
Monster Bash,109.2,4,https://pinside.com/pinball/market/classifieds/archive/189795,For Sale: Monster Bash Limited Edition w/ Mods & Extras - for sale | Pinside Market,https://imgproxy.pinside.com/pzFYzi6XSHDgsu1fT433L9aEDSzAK4pb0IVNxVHE6b8/rs:fit:3000:3000/fn:pinside_market_189795_3_3b749f110371/wm:0.8:soea:10:10:0.07/wmu:aHR0cHM6Ly9waW5zaWRlLmNvbS9pbWcvbG9nby9waW5zaWRlLXdhdGVybWFyay1mdWxsLW9wLnN2Zw/enc/8gwodSBTJ_4yQOZ4eUlqU0lTQYjWvKrsjKU071cAOHULh1llQtxz9hQQJ3sUrNlL4lA2BQoUQjsm90XRVBo_8-509dc67qLcO3n2ypCoJiAE6-20KGarAQ4jp5mwITKn.jpg,/Users/pillyliu/Documents/Codex/Pillyliu Pinball Website/shared/pinball/images/playfields/monster-bash.jpg
Monster Bash,110,4,https://pinside.com/pinball/market/classifieds/archive/202279,For sale: Monster Bash (Limited Edition) - for sale | Pinside Market,https://imgproxy.pinside.com/avOvkOeAZvyr33n_N9E804xFwo55oGz-yeijaVtsl-g/rs:fit:3000:3000/fn:pinside_market_202279_1_6e2d09c587e7/wm:0.8:soea:10:10:0.07/wmu:aHR0cHM6Ly9waW5zaWRlLmNvbS9pbWcvbG9nby9waW5zaWRlLXdhdGVybWFyay1mdWxsLW9wLnN2Zw/enc/oH4BjGxAQLKE2d6OCWN_EJvytiCREw0JFdDwSwGM7oFWS8KJjZl-tecOja4O0IdXElUPfmiOa5Wp9kxP-jAExfz6VdeHLHFTZBoyOPqyqX6ZBZRWmw6BdB8yCs6i9Emy.jpeg,/Users/pillyliu/Documents/Codex/Pillyliu Pinball Website/shared/pinball/images/playfields/monster-bash.jpg
Monster Bash,117.6,4,https://pinside.com/pinball/market/classifieds/archive/198293,For sale: Monster Bash (Limited Edition) - for sale | Pinside Market,https://imgproxy.pinside.com/UMk5l8CD0HBQoErJVo1Vuic1BpTqR1vYV3c5rgteFaE/rs:fit:3000:3000/fn:pinside_market_198293_cf56bf0fdab1/wm:0.8:soea:10:10:0.07/wmu:aHR0cHM6Ly9waW5zaWRlLmNvbS9pbWcvbG9nby9waW5zaWRlLXdhdGVybWFyay1mdWxsLW9wLnN2Zw/enc/waBlkc_ql2235CdvRz65gqSokBhFk1ZZ3BJrVph2XssUBpVPAHRsiTFJZ3SGvVQW79aMeRu37XskM-qVprMl-fw-9Z1-tzjgSto-f1JV8yHzrfQrUeMaxyLHCxfH1EML.jpeg,/Users/pillyliu/Documents/Codex/Pillyliu Pinball Website/shared/pinball/images/playfields/monster-bash.jpg
Monster Bash,120.8,4,https://pinside.com/pinball/market/classifieds/archive/189655,For sale: Monster Bash - for sale | Pinside Market,https://imgproxy.pinside.com/b5oDLyGRifk7yn3pvlu5gpIy5lVXr88ba2e8f2_Ulu0/rs:fit:3000:3000/fn:pinside_market_189655_2_3643c9312d78/wm:0.8:soea:10:10:0.07/wmu:aHR0cHM6Ly9waW5zaWRlLmNvbS9pbWcvbG9nby9waW5zaWRlLXdhdGVybWFyay1mdWxsLW9wLnN2Zw/enc/Sz4x7MJCBLTEOJoQVaTdcTnKlxeJiHFNCI9eNiApDtHC_Ff7iRh_vr0Kk8HwIICsK1Wa0hDzGn5ZjkX3UkZ-zkvjsXx8i7dfc7XcYCHjxlgSdjjyIoRK0dgBtPONCywC.jpg,/Users/pillyliu/Documents/Codex/Pillyliu Pinball Website/shared/pinball/images/playfields/monster-bash.jpg
Monster Bash,122,4,https://pinside.com/pinball/market/classifieds/archive/197590,For sale: Monster Bash (Limited Edition) - for sale | Pinside Market,https://imgproxy.pinside.com/sTxXOjN4A0xlkVJrlR5_87AFYzCR-8Ccs1bu1sos1OQ/rs:fit:3000:3000/fn:pinside_market_197590_2f90919ef795/wm:0.8:soea:10:10:0.07/wmu:aHR0cHM6Ly9waW5zaWRlLmNvbS9pbWcvbG9nby9waW5zaWRlLXdhdGVybWFyay1mdWxsLW9wLnN2Zw/enc/OYGaU44WXVXy9jhqwXiNCvR7uU5_J02bLWbu68AVxfSZ1vQthoqoCrDFKCr_FShNBnEuT9pnxtG_cZNYeeQPCgWOZIbMS-yHvqug-DJAvr27oPH4WSXl0pPAahkNtAhP.jpeg,/Users/pillyliu/Documents/Codex/Pillyliu Pinball Website/shared/pinball/images/playfields/monster-bash.jpg
Indiana Jones: The Pinball Adventure,101.6,4,https://pinside.com/pinball/market/classifieds/archive/204567,For sale: Indiana Jones: The Pinball Adventure - for sale | Pinside Market,https://imgproxy.pinside.com/IUw7LH7BPS8_FD2DbrPV9V2OKppWr51IKrT7MR_kJw4/rs:fit:3000:3000/fn:pinside_market_204567_3_5641c2ca45e3/wm:0.8:soea:10:10:0.07/wmu:aHR0cHM6Ly9waW5zaWRlLmNvbS9pbWcvbG9nby9waW5zaWRlLXdhdGVybWFyay1mdWxsLW9wLnN2Zw/enc/U3kKxoBct6I0GlVEU5Dm20uqKQ1J_vWcFdjNJa8aw8SKMgJaJ6R4XecxYgRxLO5oHW7aOAf0dZ8TrmKVvo_VswcrGK6WXmuPnnvchH-PGPQZ6s0D0uw-eN3KUQzNFFXE.jpeg,/Users/pillyliu/Documents/Codex/Pillyliu Pinball Website/shared/pinball/images/playfields/indiana-jones-the-pinball-adventure.jpg
Indiana Jones: The Pinball Adventure,122.4,4,https://pinside.com/pinball/market/classifieds/archive/163934,For Sale: Indiana Jones: The Pinball Adventure - for sale | Pinside Market,https://imgproxy.pinside.com/EQYUo8lWBHuseFqEUPUqTKxw4yKNEfzghK8nFms1YYU/rs:fit:3000:3000/fn:pinside_market_163934_2_093442de40c0/wm:0.8:soea:10:10:0.07/wmu:aHR0cHM6Ly9waW5zaWRlLmNvbS9pbWcvbG9nby9waW5zaWRlLXdhdGVybWFyay1mdWxsLW9wLnN2Zw/enc/Tyg4Odgp68J82ySHUA1qs1X05dLwZ6Smrp0Z7tRq07y6Ay4tZDeH2WRmYcAHnN_6mF6eQ9jeJcN6EgIO0rIfo5UTWUZ3359DgVorscZTmyXQUeKPAlmNyz3zw4dwPfcN.jpeg,/Users/pillyliu/Documents/Codex/Pillyliu Pinball Website/shared/pinball/images/playfields/indiana-jones-the-pinball-adventure.jpg
Indiana Jones: The Pinball Adventure,122.4,4,https://pinside.com/pinball/market/classifieds/archive/173321,For sale: Indiana Jones: The Pinball Adventure - for sale | Pinside Market,https://imgproxy.pinside.com/07sgfHDn2bcSr1-o764b3vkh8HWcksVHxgMTavbQO14/rs:fit:3000:3000/fn:pinside_market_173321_a87a4aa3fd72/wm:0.8:soea:10:10:0.07/wmu:aHR0cHM6Ly9waW5zaWRlLmNvbS9pbWcvbG9nby9waW5zaWRlLXdhdGVybWFyay1mdWxsLW9wLnN2Zw/enc/cW5xQhXss7UuGc2mXeKd-rg98NMFSz-VFac4HnXN2vKNMOdV0tj9xlPWVn0DZdAqThoOFLGCLGf_SVAZpbgFZI6-z425fj2zTLXeXEcnTE_BVJ2hwnW9yWmi5brVhw_R.jpg,/Users/pillyliu/Documents/Codex/Pillyliu Pinball Website/shared/pinball/images/playfields/indiana-jones-the-pinball-adventure.jpg
Indiana Jones: The Pinball Adventure,124.4,4,https://pinside.com/pinball/market/classifieds/archive/182020,For sale: Indiana Jones: The Pinball Adventure - for sale | Pinside Market,https://imgproxy.pinside.com/Nja67lXuEIjQzmbK7z8arVkAE8fJXheUrCvMx0a8doQ/rs:fit:3000:3000/fn:pinside_market_182020_1_82ee9a80cafb/wm:0.8:soea:10:10:0.07/wmu:aHR0cHM6Ly9waW5zaWRlLmNvbS9pbWcvbG9nby9waW5zaWRlLXdhdGVybWFyay1mdWxsLW9wLnN2Zw/enc/pkIa5QYgNuk3TtmUhjZResyhB8eA46P0L_lb5YpahCOujPq-sUi7emzcz3azHeM6LzHblpi8QnAyuFhqBiCb734CreCX8f8WoqVd5WlPtZrvrfxaH-4tmWpzOUggO8-4.jpg,/Users/pillyliu/Documents/Codex/Pillyliu Pinball Website/shared/pinball/images/playfields/indiana-jones-the-pinball-adventure.jpg
Indiana Jones: The Pinball Adventure,124.8,4,https://pinside.com/pinball/market/classifieds/archive/191567,RESTORED & BRASSED Indiana Jones: The Pinball Adventure - for sale | Pinside Market,https://imgproxy.pinside.com/7QQlZX83u5vVIAUg-NEBd1MT2WKUaMlorcElHaZPjN8/rs:fit:3000:3000/fn:pinside_market_191567_2_389a03281ecf/wm:0.8:soea:10:10:0.07/wmu:aHR0cHM6Ly9waW5zaWRlLmNvbS9pbWcvbG9nby9waW5zaWRlLXdhdGVybWFyay1mdWxsLW9wLnN2Zw/enc/-WNE27WV7yDdhP23OUEM1Ne0jH3MlrIvmt-a4k3MycnGAfm7FS_cx6BH-QO7_k0ivPyZ30tEjDBZGWUfUvgj60YPeuc3zCdfxtMFLInVx7gsEHDh3DnoKr1KWkA1rSEM.jpeg,/Users/pillyliu/Documents/Codex/Pillyliu Pinball Website/shared/pinball/images/playfields/indiana-jones-the-pinball-adventure.jpg
Cactus Canyon,106.8,4,https://pinside.com/pinball/market/classifieds/archive/199912,For sale: Cactus Canyon (Remake - LE) 190 PLAYS - for sale | Pinside Market,https://imgproxy.pinside.com/k_V2ZLk4EFDq3Jd71cE77vcmDAz63aHxrO7ohIS_5XI/rs:fit:3000:3000/fn:pinside_market_199912_1_ef1d1ed0c0ef/wm:0.8:soea:10:10:0.07/wmu:aHR0cHM6Ly9waW5zaWRlLmNvbS9pbWcvbG9nby9waW5zaWRlLXdhdGVybWFyay1mdWxsLW9wLnN2Zw/enc/2rsLk9JWtPOs3G0LhtVQaLvCoblKYJNb1a18nZ-DhW_n_gI4nidX2BY90XGYvI_lKd_xBR2vj_FDGJL0N8m-t09BLvHXW6PsIBNuoWb44bf8EKbkydC92gdbVEoPSPf-.jpeg,/Users/pillyliu/Documents/Codex/Pillyliu Pinball Website/shared/pinball/images/playfields/cactus-canyon.jpg
Cactus Canyon,107.2,4,https://pinside.com/pinball/market/classifieds/archive/197593,For sale: Cactus Canyon (Remake - LE) - for sale | Pinside Market,https://imgproxy.pinside.com/pG4JBYU8iwXin8M3dh8mGXqZlHpWxpwKvgcB5Ac3AVs/rs:fit:3000:3000/fn:pinside_market_197593_1_b9dd9441cb17/wm:0.8:soea:10:10:0.07/wmu:aHR0cHM6Ly9waW5zaWRlLmNvbS9pbWcvbG9nby9waW5zaWRlLXdhdGVybWFyay1mdWxsLW9wLnN2Zw/enc/o3KMmlS0fM45P0uOK4--Rbb4AKEiF1j8dj1cD1POZlo7TovkPkH5yloyqO4nzU2nOEuMjwWAiRIMt2pGLojygUgyRa6YIJMQiJY-e9usSpnYiC6SLA6RQVvYYabEIk6I.jpeg,/Users/pillyliu/Documents/Codex/Pillyliu Pinball Website/shared/pinball/images/playfields/cactus-canyon.jpg
Cactus Canyon,117.6,4,https://pinside.com/pinball/market/classifieds/archive/185349,For sale: Cactus Canyon Williams original - for sale | Pinside Market,https://imgproxy.pinside.com/1qvO7f3JrkOQXemZe46Vc3Ni7qTywGfBWDRDxh3iF3Q/rs:fit:3000:3000/fn:pinside_market_185349_1_a170ffba1ab3/wm:0.8:soea:10:10:0.07/wmu:aHR0cHM6Ly9waW5zaWRlLmNvbS9pbWcvbG9nby9waW5zaWRlLXdhdGVybWFyay1mdWxsLW9wLnN2Zw/enc/kIQL-C5x_BG1rhDEcwT7PtFXC_vVbyLPfrsTE0ktA0v_63d6IQR8nFwMVdGw8zLdkJmEQd6EKbw3VUoZUChWRmLAAEqF-GpAZ48f9L2aB0X0p3IgrcLjxYguk_XEkcay.jpg,/Users/pillyliu/Documents/Codex/Pillyliu Pinball Website/shared/pinball/images/playfields/cactus-canyon.jpg
Cactus Canyon,118,4,https://pinside.com/pinball/market/classifieds/archive/194603,For sale: Cactus Canyon (Remake - LE)TONS OF MODS - for sale | Pinside Market,https://imgproxy.pinside.com/CpnLIOwzCgUJGdTHpq5PG_gDVWbVFYQs7Ogs-9rvl3I/rs:fit:3000:3000/fn:pinside_market_194603_2_6654b001e3e7/wm:0.8:soea:10:10:0.07/wmu:aHR0cHM6Ly9waW5zaWRlLmNvbS9pbWcvbG9nby9waW5zaWRlLXdhdGVybWFyay1mdWxsLW9wLnN2Zw/enc/SI20NL9J3e7Tqq0STXxFpG88M3az3EB27ITmuNehjll4VMWRH3iZozYAb0LyFF4jcS4zGO7aDZRF8vlrKwrDG2SaRU6DjZTaRxW_C3E_eZLKSOXB46wmP4BtkFO002cu.jpeg,/Users/pillyliu/Documents/Codex/Pillyliu Pinball Website/shared/pinball/images/playfields/cactus-canyon.jpg
Cactus Canyon,120.8,4,https://pinside.com/pinball/market/classifieds/archive/200549,For sale: Cactus Canyon (Remake - Special Edition) - for sale | Pinside Market,https://imgproxy.pinside.com/ubaEVedof6iBcDn4SrjLVaYibfZRh8E0AL95cceMXn8/rs:fit:3000:3000/fn:pinside_market_200549_1_953029cf94fd/wm:0.8:soea:10:10:0.07/wmu:aHR0cHM6Ly9waW5zaWRlLmNvbS9pbWcvbG9nby9waW5zaWRlLXdhdGVybWFyay1mdWxsLW9wLnN2Zw/enc/c0NmHpUHn6WaBhu9zorOzX6dJ88DB_id-Jqib0MNFxySmUlzndLohf43eGwvoUVjamIavL8RmJLreEu9aILCyiIxBUbLxWe2oBrpp03DXRO3-85dU6UcvnIfeOE_9zpt.jpeg,/Users/pillyliu/Documents/Codex/Pillyliu Pinball Website/shared/pinball/images/playfields/cactus-canyon.jpg
Tales of the Arabian Nights,114.8,4,https://pinside.com/pinball/market/classifieds/archive/201987,For sale: Tales of the Arabian Nights - for sale | Pinside Market,https://imgproxy.pinside.com/WLF_rxhFsS74qK0JJ3Qaj2cBEpJIdHk43xVh5daU1tI/rs:fit:3000:3000/fn:pinside_market_201987_3_8d232a034d30/wm:0.8:soea:10:10:0.07/wmu:aHR0cHM6Ly9waW5zaWRlLmNvbS9pbWcvbG9nby9waW5zaWRlLXdhdGVybWFyay1mdWxsLW9wLnN2Zw/enc/DwkHC8uQFpygCupcSqW58be99_BIWgCQ_DkFfYvWs8m893NJrjC-FaCCQE20jTX49ZgKK6fNazzxea32EC1ErPvDaByLKJt9iHh25R346GrWYqQWMGNYrZk4IfvB7kvM.jpg,/Users/pillyliu/Documents/Codex/Pillyliu Pinball Website/shared/pinball/images/playfields/tales-of-the-arabian-nights.jpg
Tales of the Arabian Nights,119.6,4,https://pinside.com/pinball/market/classifieds/archive/186484,For sale: Tales of the Arabian Nights - for sale | Pinside Market,https://imgproxy.pinside.com/x_wYK6FRIfIA-wgHtfGd5Avtzm1jcaAeea9INh0Binw/rs:fit:3000:3000/fn:pinside_market_186484_1_41735b5eb64a/wm:0.8:soea:10:10:0.07/wmu:aHR0cHM6Ly9waW5zaWRlLmNvbS9pbWcvbG9nby9waW5zaWRlLXdhdGVybWFyay1mdWxsLW9wLnN2Zw/enc/le5IGnhNHvr_R35tO1LVLJySNz5cKuSuYKhVEuP1HxJNOvFvx7fB4lCd-lB_6lTwmQbP-wWxuQocQbvcupb-jYcF6n94u6czVgdT1CscpvAcder6A7AtOs7OXsxs4wJf.jpeg,/Users/pillyliu/Documents/Codex/Pillyliu Pinball Website/shared/pinball/images/playfields/tales-of-the-arabian-nights.jpg
Tales of the Arabian Nights,120.4,4,https://pinside.com/pinball/market/classifieds/archive/169409,For sale: Tales of the Arabian Nights - for sale | Pinside Market,https://imgproxy.pinside.com/mhouWeRDNuPvAaa2-NE5lql-rMCTGwB--uf5Je54kpU/rs:fit:3000:3000/fn:pinside_market_169409_3_822eac4ff3c6/wm:0.8:soea:10:10:0.07/wmu:aHR0cHM6Ly9waW5zaWRlLmNvbS9pbWcvbG9nby9waW5zaWRlLXdhdGVybWFyay1mdWxsLW9wLnN2Zw/enc/9PY4iNvp7IDdvWMUJwsy6TXKckESWfQudS_E_0cahHbooNDPNQ6MteRygwbtqZu1y7uvLBbBdEWqZJjpz2dNFoE8NNAtbbg2sXV0hOxM39KVN64CgScWdgOV9-0VXEsJ.jpeg,/Users/pillyliu/Documents/Codex/Pillyliu Pinball Website/shared/pinball/images/playfields/tales-of-the-arabian-nights.jpg
Tales of the Arabian Nights,125.2,4,https://pinside.com/pinball/market/classifieds/archive/176904,For sale: Tales of the Arabian Nights - for sale | Pinside Market,https://imgproxy.pinside.com/CDRNyiZnDJp4GnokypIVG_s1TRfMCmQsd2YqKb2GXeY/rs:fit:3000:3000/fn:pinside_market_176904_1_6a8bfa4d4529/wm:0.8:soea:10:10:0.07/wmu:aHR0cHM6Ly9waW5zaWRlLmNvbS9pbWcvbG9nby9waW5zaWRlLXdhdGVybWFyay1mdWxsLW9wLnN2Zw/enc/kiRB0C1OlM_3VNlFXoeFuu8RfHe0HLb7wG27IPcQaeW3e5CkOi54hoNNG1PvVU2oi44cFvZB1lvGGa0k69pakRDe8kVRbs8kZmJ2vJ_gUntORYoSJ8FGpzo60qb9cuwz.jpeg,/Users/pillyliu/Documents/Codex/Pillyliu Pinball Website/shared/pinball/images/playfields/tales-of-the-arabian-nights.jpg
Tales of the Arabian Nights,125.2,4,https://pinside.com/pinball/market/classifieds/archive/191993,For sale: Tales of the Arabian Nights - for sale | Pinside Market,https://imgproxy.pinside.com/OEEkJmM5jedeoJvf0vvIrl9VtL6BmMftpo8bmtkmhtM/rs:fit:3000:3000/fn:pinside_market_191993_1_39aa9237c168/wm:0.8:soea:10:10:0.07/wmu:aHR0cHM6Ly9waW5zaWRlLmNvbS9pbWcvbG9nby9waW5zaWRlLXdhdGVybWFyay1mdWxsLW9wLnN2Zw/enc/UkvMzbfULGEH1rBz-M4sQRWJLxdIO_A3MFxbNMpCX703XDvzEhjLMWxDlyoFaLvTfK7HlWOio61mNRi9q4eObSt6ajMNyTGjczTkmgTlYDLgu3xZ1dFeAQnoSZw_3EuO.jpeg,/Users/pillyliu/Documents/Codex/Pillyliu Pinball Website/shared/pinball/images/playfields/tales-of-the-arabian-nights.jpg
The Addams Family,115.6,4,https://pinside.com/pinball/market/classifieds/archive/198234,For sale: The Addams Family - for sale | Pinside Market,https://imgproxy.pinside.com/D_aCKa-SP_AkdGu7-Gi4GUUj5F8GFtfI__Le1HcRktM/rs:fit:3000:3000/fn:pinside_market_198234_46ae20598743/wm:0.8:soea:10:10:0.07/wmu:aHR0cHM6Ly9waW5zaWRlLmNvbS9pbWcvbG9nby9waW5zaWRlLXdhdGVybWFyay1mdWxsLW9wLnN2Zw/enc/kCQ8rybyWKB_w4bEziiJw3KalUpQDfo1bysCH0CA5f2p-1YabGXeFTofi3V8sZir8jOlxsbqy0vOBHPKVJihghD9pZbumpJtbLTiWP2IenE7Z6YkWXekIK9eazBNvYFg.jpg,/Users/pillyliu/Documents/Codex/Pillyliu Pinball Website/shared/pinball/images/playfields/the-addams-family.jpg
The Addams Family,117.2,4,https://pinside.com/pinball/market/classifieds/archive/200259,For sale: The Addams Family - for sale | Pinside Market,https://imgproxy.pinside.com/pV12JOmk7GKyxhtfSj_ja0UB4z_1KDUIP02XzEDVnhY/rs:fit:3000:3000/fn:pinside_market_200259_2_ab0cbce498c3/wm:0.8:soea:10:10:0.07/wmu:aHR0cHM6Ly9waW5zaWRlLmNvbS9pbWcvbG9nby9waW5zaWRlLXdhdGVybWFyay1mdWxsLW9wLnN2Zw/enc/Ojpvvn84ez3nPs5jaExrglsgXgO2U2vKQF3rmH3u_ygIaXNc9AmYPOJw4VzmspsAS2ror5uEPmL2S6bQ40yoG41n_IAhxjjWWw0d_xh13fXozySyId4PgBbhK3odkgR0.jpeg,/Users/pillyliu/Documents/Codex/Pillyliu Pinball Website/shared/pinball/images/playfields/the-addams-family.jpg
The Addams Family,118.4,4,https://pinside.com/pinball/market/classifieds/archive/182923,For sale: The Addams Family Gold (Special Collectors Edition - for sale | Pinside Market,https://imgproxy.pinside.com/SJMKEJ9bpAgg2rHvRFeDc3vrAUrI_3ThsOd0JQT-FyE/rs:fit:3000:3000/fn:pinside_market_182923_3_94d0e0cd6568/wm:0.8:soea:10:10:0.07/wmu:aHR0cHM6Ly9waW5zaWRlLmNvbS9pbWcvbG9nby9waW5zaWRlLXdhdGVybWFyay1mdWxsLW9wLnN2Zw/enc/23cel_PxUTeTLwd0dQjFXXClpXf8W7-X35vUx3U0fewyYqZhzN4GA_lgkKQp1beXu6REnXPDvo6T1ecxIa6CdPQt7RCWbj2ilXRmS-eMxMIY9Cy80XTXfznsz8qkduSg.jpeg,/Users/pillyliu/Documents/Codex/Pillyliu Pinball Website/shared/pinball/images/playfields/the-addams-family.jpg
The Addams Family,122.8,4,https://pinside.com/pinball/market/classifieds/archive/198324,For sale: The Addams Family Gold (Special Collectors Edition - for sale | Pinside Market,https://imgproxy.pinside.com/mBc_fPNBCYhqd5eOWx_2x6JXrgR3-vxdMvBSStdy8hc/rs:fit:3000:3000/fn:pinside_market_198324_3_dedec860a74e/wm:0.8:soea:10:10:0.07/wmu:aHR0cHM6Ly9waW5zaWRlLmNvbS9pbWcvbG9nby9waW5zaWRlLXdhdGVybWFyay1mdWxsLW9wLnN2Zw/enc/j633GBPP1Tu5GpLGgOHam8VZlS4WfHK4u_YGYKloILLgmJxSg8WHFiPBQ--ras_iA22Qe-M-yuwY-j7ircPvDzJ20wkwL9tCcyBq-CG7iS7ASGW60A7P22GMCoPa_CWc.jpeg,/Users/pillyliu/Documents/Codex/Pillyliu Pinball Website/shared/pinball/images/playfields/the-addams-family.jpg
The Addams Family,127.2,4,https://pinside.com/pinball/market/classifieds/archive/201109,For sale: The Addams Family - for sale | Pinside Market,https://imgproxy.pinside.com/khW0iFbPhCZ4gKIPsJoICeXHFw1NQqqzyf9wFin1b-k/rs:fit:3000:3000/fn:pinside_market_201109_2_3016a6a2b53a/wm:0.8:soea:10:10:0.07/wmu:aHR0cHM6Ly9waW5zaWRlLmNvbS9pbWcvbG9nby9waW5zaWRlLXdhdGVybWFyay1mdWxsLW9wLnN2Zw/enc/K339FmOago074pQHfR79BU1gS_g-ShY3aBod5ptCcaXVxcpQpvboWZznduFV-d3J7A2bLkfaRwWLWhrQjGeG1bdm3-rGDCdMMeVx2DIMFZvTMXYjaoZed3ixQTHg4S0p.jpeg,/Users/pillyliu/Documents/Codex/Pillyliu Pinball Website/shared/pinball/images/playfields/the-addams-family.jpg
Kiss,113.2,4,https://pinside.com/pinball/market/classifieds/archive/194293,For sale: Elvira's House of Horrors (Blood Red Kiss Edition) - for sale | Pinside Market,https://imgproxy.pinside.com/qqjCfLAnQw8HJLZWdTMAoK3s7A8cxP-DTy2v_0e5Us0/rs:fit:3000:3000/fn:pinside_market_194293_1_c2b2c9237fc3/wm:0.8:soea:10:10:0.07/wmu:aHR0cHM6Ly9waW5zaWRlLmNvbS9pbWcvbG9nby9waW5zaWRlLXdhdGVybWFyay1mdWxsLW9wLnN2Zw/enc/HOKA4go70U2Q96GUIJ8C9F6BObExnnlmqjDC7GasmDi0NDGx6Vqb76Hx3jdz9HlSQaM_QiwC1AUUW4_J4YxcGX1wG_I96pSkiDpAa1KEoIDZukTtK2WSvJAE6gxPj79H.jpg,/Users/pillyliu/Documents/Codex/Pillyliu Pinball Website/shared/pinball/images/playfields/kiss.jpg
Kiss,113.6,4,https://pinside.com/pinball/market/classifieds/archive/75528,For sale: KISS - for sale | Pinside Market,https://imgproxy.pinside.com/SgR-nP-Jev9TK7h-8rTTw13F3Ut2OTTdBKV0iZiZ-Pw/rs:fit:3000:3000/fn:pinside_market_75528_506e5c74fa6c/wm:0.8:soea:10:10:0.07/wmu:aHR0cHM6Ly9waW5zaWRlLmNvbS9pbWcvbG9nby9waW5zaWRlLXdhdGVybWFyay1mdWxsLW9wLnN2Zw/enc/GFmWTQSWvdTysMjC523GYfTmTJjT-M13LKxBWiqwHel5i_aHLXUbnjNVySEnIpZ_a0CD1GQti7UPp8QC2IMG7B8uCwoer6lwm2Kt8lJmm1lf8KpstCdkSYLjh-q2qijs.jpeg,/Users/pillyliu/Documents/Codex/Pillyliu Pinball Website/shared/pinball/images/playfields/kiss.jpg
Kiss,123.6,4,https://pinside.com/pinball/market/classifieds/archive/195198,For sale: KISS - for sale | Pinside Market,https://imgproxy.pinside.com/LKbKBC5NQEjTn5FJCz9_tHdpe04krl6w4bKnXYD7lec/rs:fit:3000:3000/fn:pinside_market_195198_3_dc92f9a1187c/wm:0.8:soea:10:10:0.07/wmu:aHR0cHM6Ly9waW5zaWRlLmNvbS9pbWcvbG9nby9waW5zaWRlLXdhdGVybWFyay1mdWxsLW9wLnN2Zw/enc/mDOlpYzqZ77zieEN862Rfrp_Cpncsc91SDITl_ROXaGPR-Pwpql2r6B28idk3CnrsNbnntQBkghBZ_PVDzA9mDu-u5CdO5M8hLdv2M8noh-LuZaYLmjxfmj0hyriKYdR.jpg,/Users/pillyliu/Documents/Codex/Pillyliu Pinball Website/shared/pinball/images/playfields/kiss.jpg
Kiss,124.4,4,https://pinside.com/pinball/market/classifieds/archive/195561,For sale: KISS Fully Restored - for sale | Pinside Market,https://imgproxy.pinside.com/xsOnznnf6ffZTyr1T9jaeELcB-T7I9lj8gIDrZQw5zY/rs:fit:3000:3000/fn:pinside_market_195561_af081797e997/wm:0.8:soea:10:10:0.07/wmu:aHR0cHM6Ly9waW5zaWRlLmNvbS9pbWcvbG9nby9waW5zaWRlLXdhdGVybWFyay1mdWxsLW9wLnN2Zw/enc/LQ-92vDZXgeVm6yFaueJwdnRvZ64lwHNY-IKJa82702j70smDfNwX1pt3MToRo3fUk0v2rYE_W55wNF6TW1mcAJBMyo2Hm9Q4jCuPJqWp5gr6kPFBdhsbWKQnQjzHV_G.jpeg,/Users/pillyliu/Documents/Codex/Pillyliu Pinball Website/shared/pinball/images/playfields/kiss.jpg
Kiss,125.6,4,https://pinside.com/pinball/market/classifieds/archive/189046,For sale: Elvira's House of Horrors (Blood Red Kiss Edition) - for sale | Pinside Market,https://imgproxy.pinside.com/CyhOH_0U9yqXSnp-Xu1PdnH-o0xt-Mrjw--WUMDKs6I/rs:fit:3000:3000/fn:pinside_market_189046_2_19b7be2d17cb/wm:0.8:soea:10:10:0.07/wmu:aHR0cHM6Ly9waW5zaWRlLmNvbS9pbWcvbG9nby9waW5zaWRlLXdhdGVybWFyay1mdWxsLW9wLnN2Zw/enc/DoZb1RlxYdFZCE6mAe6uZzRdwRWNx14vmBCvfukXzs1bN0fKCZg7oGH9G7tp9DEN_fI9oQDBhEXiTJF4okoaNTunr5lo_l6HlbClfrkUb7p4a2CvyjbeaYmBzwLVSn-4.jpeg,/Users/pillyliu/Documents/Codex/Pillyliu Pinball Website/shared/pinball/images/playfields/kiss.jpg
Pulp Fiction,102.4,4,https://pinside.com/pinball/market/classifieds/archive/201902,For Sale: Pulp Fiction LE Bad Mother Flipper w/ 42 Plays - for sale | Pinside Market,https://imgproxy.pinside.com/QAj4S9Jxy7Y9jsvMM_YReUQKEjQpQAaoKVnOv2pQ-CU/rs:fit:3000:3000/fn:pinside_market_201902_7369ee0f7dd3/wm:0.8:soea:10:10:0.07/wmu:aHR0cHM6Ly9waW5zaWRlLmNvbS9pbWcvbG9nby9waW5zaWRlLXdhdGVybWFyay1mdWxsLW9wLnN2Zw/enc/PIV77tzLsR606vtCyK5xEZ1ClH3vr8WG2hD0ML-OeukP7tDOw7YhDpOUr_zu14tPm7HvCpujn-77pCqhCmR6WRz_c29L5S7zhB9-ODxajyjUkWy9pMrbEZcDkQyK4Cxx.jpg,/Users/pillyliu/Documents/Codex/Pillyliu Pinball Website/shared/pinball/images/playfields/pulp-fiction.jpg
Pulp Fiction,106.8,4,https://pinside.com/pinball/market/classifieds/archive/198781,Pulp Fiction (SE) - for sale | Pinside Market,https://imgproxy.pinside.com/foYAX-t4lAlpwPbw3zKGWABuUToDlPC1R7-DHx6r0wI/rs:fit:3000:3000/fn:pinside_market_198781_f8c7b2974fef/wm:0.8:soea:10:10:0.07/wmu:aHR0cHM6Ly9waW5zaWRlLmNvbS9pbWcvbG9nby9waW5zaWRlLXdhdGVybWFyay1mdWxsLW9wLnN2Zw/enc/d0_75xb2jKe5uy1cqPC45S9yA8WDxMD5a4B76OC-8PgDdhMLf-fnSWyygIUgsYF0UmqAlrq1g73doumQ0ZMd_QGlA0aCrJ-tIQCAaAs16tOAWz3XSwV2oO1y5vPK3CDb.jpg,/Users/pillyliu/Documents/Codex/Pillyliu Pinball Website/shared/pinball/images/playfields/pulp-fiction.jpg
Pulp Fiction,117.6,4,https://pinside.com/pinball/market/classifieds/archive/199964,For sale: Pulp Fiction (SE) 28 PLAYS - for sale | Pinside Market,https://imgproxy.pinside.com/stKgc2SNRvPmvDJFkrUF_Cz0-pg-WA8Do03UadcUrQg/rs:fit:3000:3000/fn:pinside_market_199964_ee984ac8de00/wm:0.8:soea:10:10:0.07/wmu:aHR0cHM6Ly9waW5zaWRlLmNvbS9pbWcvbG9nby9waW5zaWRlLXdhdGVybWFyay1mdWxsLW9wLnN2Zw/enc/ZNj5Ky5j6C0GFnjE-1L85-4Kk3siPg-tyqjJO5-lIkymdIgLpkNB324BHbgxble1ir0V2VYTTnlizOPF8syjaliJ3R8cRhMe6YXBrs_ZeqGMsGUdDXxN3KHan4FdiklG.jpeg,/Users/pillyliu/Documents/Codex/Pillyliu Pinball Website/shared/pinball/images/playfields/pulp-fiction.jpg
Pulp Fiction,120,4,https://pinside.com/pinball/market/classifieds/archive/200039,For sale: Pulp Fiction (Bad Mother Flipper LE) 97 PLAYS - for sale | Pinside Market,https://imgproxy.pinside.com/LLjOoMCV1FGKq9G1-_31OL09sHO0n3ZmGaUFz4xOP7o/rs:fit:3000:3000/fn:pinside_market_200039_1_5336d8963ed3/wm:0.8:soea:10:10:0.07/wmu:aHR0cHM6Ly9waW5zaWRlLmNvbS9pbWcvbG9nby9waW5zaWRlLXdhdGVybWFyay1mdWxsLW9wLnN2Zw/enc/ZHjhUGhnwOdwABjYz40JN7Cl_h8d76v0i1nIS6CMbEvbl_whCPUwRsPKYgtqOknF_7XVqtzqEgpMXI-ljMIeQSWKLvj6m-XvfN9SdzC6eol7T_5XbTuy3PAGqBrZEBcZ.jpeg,/Users/pillyliu/Documents/Codex/Pillyliu Pinball Website/shared/pinball/images/playfields/pulp-fiction.jpg
Pulp Fiction,122.4,4,https://pinside.com/pinball/market/classifieds/archive/206834,For sale: Pulp Fiction (Bad Mother Flipper LE) 116 PLAYS - for sale | Pinside Market,https://imgproxy.pinside.com/QB5FUjKgUtPv21ih3KU7E77BMyBdR4PyFNzh6JQjktY/rs:fit:3000:3000/fn:pinside_market_206834_3_f748ece6cf6b/wm:0.8:soea:10:10:0.07/wmu:aHR0cHM6Ly9waW5zaWRlLmNvbS9pbWcvbG9nby9waW5zaWRlLXdhdGVybWFyay1mdWxsLW9wLnN2Zw/enc/jIpn9I7LFRBXB56j6AMR2nME0PPwYaOMv8wljayvvEEquVhZ5nhjo3kpmJfxV5pWzngMEApxsi66rIfl4_cJzY-bqljKJO0Xkoeo4inap1P34wHM9T8f4ewflgB2uU9a.jpeg,/Users/pillyliu/Documents/Codex/Pillyliu Pinball Website/shared/pinball/images/playfields/pulp-fiction.jpg
Tron: Legacy,109.2,4,https://pinside.com/pinball/market/classifieds/archive/207793,For sale: TRON: Legacy (LE) HUO/LOADED - for sale | Pinside Market,https://imgproxy.pinside.com/VsMDkBzCTg7KIgP2jIZ7ghzsEkXyh9sWmJIF_UEz8Mc/rs:fit:3000:3000/fn:pinside_market_207793_7c0098492876/wm:0.8:soea:10:10:0.07/wmu:aHR0cHM6Ly9waW5zaWRlLmNvbS9pbWcvbG9nby9waW5zaWRlLXdhdGVybWFyay1mdWxsLW9wLnN2Zw/enc/KsRbdG0maS7Rc4xGcI_wApRmG5En-TYS3Gc1024EfZeavpGm8ha0n5ohVn6Rpu4ulKNguPDsqE-ScrOEbN3Ja6QsbkW6brtc9QClweR4PulCk38xVhqKroPjx2il1Hia.jpeg,/Users/pillyliu/Documents/Codex/Pillyliu Pinball Website/shared/pinball/images/playfields/tron-legacy.jpg
Tron: Legacy,112.8,4,https://pinside.com/pinball/market/classifieds/archive/179212,For sale: TRON: Legacy (Pro) - for sale | Pinside Market,https://imgproxy.pinside.com/BbFR3eKCAt0x1HijXJpalpg25db6aLW8yDylyQ5IDr4/rs:fit:3000:3000/fn:pinside_market_179212_d07c10c10d2f/wm:0.8:soea:10:10:0.07/wmu:aHR0cHM6Ly9waW5zaWRlLmNvbS9pbWcvbG9nby9waW5zaWRlLXdhdGVybWFyay1mdWxsLW9wLnN2Zw/enc/b39T9T1aZvgA5Gjtp_EoJ8wUVCV3M_DIoZoli-fdlToL1lQ5htaeCZHOJ3Fua5r5adVOgmQ3Z-5jXyidNY1DEB43Xlqu5Qxim3rovOLQR3Uq1U2mhwaK_UfIE5UQRnNB.jpeg,/Users/pillyliu/Documents/Codex/Pillyliu Pinball Website/shared/pinball/images/playfields/tron-legacy.jpg
Tron: Legacy,116,4,https://pinside.com/pinball/market/classifieds/archive/185660,For sale: TRON: Legacy (Pro) - for sale | Pinside Market,https://imgproxy.pinside.com/dJPawsOneBhK9zHElR3-xDG8cb8iJkY_PYhH2scAe0w/rs:fit:3000:3000/fn:pinside_market_185660_3_888b9a67dc9d/wm:0.8:soea:10:10:0.07/wmu:aHR0cHM6Ly9waW5zaWRlLmNvbS9pbWcvbG9nby9waW5zaWRlLXdhdGVybWFyay1mdWxsLW9wLnN2Zw/enc/vvn43sWTW319X1de-g_SD6lJy8OjXlEcnb80Kjn2oQThOdNbS_hORdipkhfN4aQlAJpch8aoQWT6arPq8zf-UGAncJJJFpYxO8BRjK6p3CmweJVa06XWJh-DvIylDMUl.jpeg,/Users/pillyliu/Documents/Codex/Pillyliu Pinball Website/shared/pinball/images/playfields/tron-legacy.jpg
Tron: Legacy,126.8,4,https://pinside.com/pinball/market/classifieds/archive/172302,For sale: TRON: Legacy (LE) Price in USD OBO - for sale | Pinside Market,https://imgproxy.pinside.com/n9iivU2tsIQJRVKWLZgnSv-dcCJ9_jGvQrP6nde93Uw/rs:fit:3000:3000/fn:pinside_market_172302_3_129b7cfb2644/wm:0.8:soea:10:10:0.07/wmu:aHR0cHM6Ly9waW5zaWRlLmNvbS9pbWcvbG9nby9waW5zaWRlLXdhdGVybWFyay1mdWxsLW9wLnN2Zw/enc/9NunYyMjmlytC39qZZ9vQl34y-oxDyEL4rcgeadOq4lLB3bGKoLd6vmzXZevEYSj7C1deswNseQx74NJScJtvi2x_R9PmQTC-dkzSQV-6ybBXoAHVjbzfakT_wJwVHd7.jpg,/Users/pillyliu/Documents/Codex/Pillyliu Pinball Website/shared/pinball/images/playfields/tron-legacy.jpg
Tron: Legacy,128.4,4,https://pinside.com/pinball/market/classifieds/archive/205767,For sale: TRON: Legacy (LE) - for sale | Pinside Market,https://imgproxy.pinside.com/sRkZF8jnA7YpnnMo69LonrudsPHCYzk_ytVeWej30fk/rs:fit:3000:3000/fn:pinside_market_205767_2_07bb794554c5/wm:0.8:soea:10:10:0.07/wmu:aHR0cHM6Ly9waW5zaWRlLmNvbS9pbWcvbG9nby9waW5zaWRlLXdhdGVybWFyay1mdWxsLW9wLnN2Zw/enc/BthAfy6Zxy8_nMXKDX0towmS-mRVR1v-RppUytipkMnFLtyj61ZVEe7JyIf7pQRpARV4bG1wiahjwnOxb2i_EN4R5EuNyvgs9RInSLMgCTKtGfwaxGu6zCo2OU4kKAmK.jpg,/Users/pillyliu/Documents/Codex/Pillyliu Pinball Website/shared/pinball/images/playfields/tron-legacy.jpg
Scared Stiff,118.4,4,https://pinside.com/pinball/market/classifieds/archive/208903,For sale: Scared Stiff - for sale | Pinside Market,https://imgproxy.pinside.com/_jexKMtGmLxPc-uf8MsxKUFjCpsmS19yzD4e3Ztayio/rs:fit:3000:3000/fn:pinside_market_208903_2_093cc752a2ba/wm:0.8:soea:10:10:0.07/wmu:aHR0cHM6Ly9waW5zaWRlLmNvbS9pbWcvbG9nby9waW5zaWRlLXdhdGVybWFyay1mdWxsLW9wLnN2Zw/enc/OS4XHZKFhq693tDKMwQJCjuQc-jNY6te8egry0mo0b1nIuT1OpVzhapwTBfp-gyvBvDNKgI_OYSFFkxLKD9xHXuwf6AxSwyKhkF94SFrAXWbIxDDMkU130Fq6tiq-7hK.jpg,/Users/pillyliu/Documents/Codex/Pillyliu Pinball Website/shared/pinball/images/playfields/scared-stiff.jpg
Scared Stiff,120,4,https://pinside.com/pinball/market/classifieds/archive/161360,For sale: Scared Stiff - Clear Coated Playfield W/ extras - for sale | Pinside Market,https://imgproxy.pinside.com/JHK5XlcHgPq08vR97ggNz10UZDbEsIoRwNnOxibBZAk/rs:fit:3000:3000/fn:pinside_market_161360_4fa81da64a40/wm:0.8:soea:10:10:0.07/wmu:aHR0cHM6Ly9waW5zaWRlLmNvbS9pbWcvbG9nby9waW5zaWRlLXdhdGVybWFyay1mdWxsLW9wLnN2Zw/enc/ck7YGnWk4GwJ2aUUqB1bdoHEayC8wKgO444xFZ30BpemdIjF2oMvTG0Sa8L7H4rlwtk3ZTAMZ43W_HqFEW7GPsGkf7XX068IBbFC6PZ5ggFyyrTWVjVsble61dOuPEXJ.jpg,/Users/pillyliu/Documents/Codex/Pillyliu Pinball Website/shared/pinball/images/playfields/scared-stiff.jpg
Scared Stiff,120.4,4,https://pinside.com/pinball/market/classifieds/archive/188349,For sale: Scared Stiff Restored For sale or Trade - for sale | Pinside Market,https://imgproxy.pinside.com/Yrg0zRQMtQ-jmGXgDmZ4AIFEf-h9sdgirsf81Tm4kAI/rs:fit:3000:3000/fn:pinside_market_188349_3_a414730e33a5/wm:0.8:soea:10:10:0.07/wmu:aHR0cHM6Ly9waW5zaWRlLmNvbS9pbWcvbG9nby9waW5zaWRlLXdhdGVybWFyay1mdWxsLW9wLnN2Zw/enc/Vn0Dah2yyqxtzBk2mN8auXe_NUF2GOncky-s-huOG73yn4ao-JATGaZdTd2he1yIqgTW6VqV3ugQEaWDRdlhNT4I1RTrO2T4X3VYzie63KZUWweJXwSJNEiCbWLIAT7D.jpeg,/Users/pillyliu/Documents/Codex/Pillyliu Pinball Website/shared/pinball/images/playfields/scared-stiff.jpg
Scared Stiff,120.4,4,https://pinside.com/pinball/market/classifieds/archive/203789,For sale: Scared Stiff. Powder coated Beautiful looking - for sale | Pinside Market,https://imgproxy.pinside.com/NellaivmX-SToWKbOKeYoaQMzEGu5Eo0Jl-a8Lu9cFI/rs:fit:3000:3000/fn:pinside_market_203789_7c016ea21819/wm:0.8:soea:10:10:0.07/wmu:aHR0cHM6Ly9waW5zaWRlLmNvbS9pbWcvbG9nby9waW5zaWRlLXdhdGVybWFyay1mdWxsLW9wLnN2Zw/enc/ggAbkY6ks-azMAqnknmacH0OugH-P5ntYQ5RgMwvVDK_77p6tsJSPUz6o3srgmVp0ze2GPFGdFR_hxHIAs1xpNKKX0QbwKAPVm2UHAZAi8uifJVLlSpLqhZYP10edRH8.jpeg,/Users/pillyliu/Documents/Codex/Pillyliu Pinball Website/shared/pinball/images/playfields/scared-stiff.jpg
Scared Stiff,131.2,4,https://pinside.com/pinball/market/classifieds/archive/184769,For sale: Scared Stiff - for sale | Pinside Market,https://imgproxy.pinside.com/_hwTXfBszWP2zA545foFUeC9287N0BZaZuQM49-DPcc/rs:fit:3000:3000/fn:pinside_market_184769_1_f39520dcc19c/wm:0.8:soea:10:10:0.07/wmu:aHR0cHM6Ly9waW5zaWRlLmNvbS9pbWcvbG9nby9waW5zaWRlLXdhdGVybWFyay1mdWxsLW9wLnN2Zw/enc/FRw0EJHZFEX4_HYcxDvLTYDaGcchIN3GP9AA_ZTy5gMAeft9Hw657KjbRJY0yI7jOStZeknAM4NR83FNqy33SXJFX8aJF861SCc_pAaRmE6poBxM82wvtGxoazh_t0zG.jpg,/Users/pillyliu/Documents/Codex/Pillyliu Pinball Website/shared/pinball/images/playfields/scared-stiff.jpg
Game of Thrones,94.4,4,https://pinside.com/pinball/market/classifieds/archive/200808,Choose for your House! Game of Thrones (LE) - for sale | Pinside Market,https://imgproxy.pinside.com/dQQIu6Jjl0WeQNg9QuUZuD59Lt2u3IoAfsy4FMhBcgc/rs:fit:3000:3000/fn:pinside_market_200808_71295557ee54/wm:0.8:soea:10:10:0.07/wmu:aHR0cHM6Ly9waW5zaWRlLmNvbS9pbWcvbG9nby9waW5zaWRlLXdhdGVybWFyay1mdWxsLW9wLnN2Zw/enc/xYhJNgJxrhDRN3G-VUrywglU8h1sCVVfVvOxcMvlZRisk6Y7s3HSeGZ846H-KvNyZ8TktfVLxeAuUA7FWK4A5U46NfrJFt0rgVhDoexUsF_W6NQusQYY93WoR7WsixE4.jpeg,/Users/pillyliu/Documents/Codex/Pillyliu Pinball Website/shared/pinball/images/playfields/game-of-thrones.jpg
Game of Thrones,110.8,4,https://pinside.com/pinball/market/classifieds/archive/205477,For sale: Game of Thrones (Premium) - for sale | Pinside Market,https://imgproxy.pinside.com/t_bJwxs1lSLZDzk5DxNc94_njeYwP3u8tuwb-eYxGcI/rs:fit:3000:3000/fn:pinside_market_205477_3_6d782e4b21c1/wm:0.8:soea:10:10:0.07/wmu:aHR0cHM6Ly9waW5zaWRlLmNvbS9pbWcvbG9nby9waW5zaWRlLXdhdGVybWFyay1mdWxsLW9wLnN2Zw/enc/krnmUk4s_5BPhIlBFlRWZnQD1gMavcfHPpnD4MqXMOtS2eUor6QCulVzgoayS6Cd8ZOvmFhrOah1Qiv0PSEgkItVQV0cXhdqJ2-2oBvMQvV6cCo5mXCkDMjeSnpva7Lb.jpg,/Users/pillyliu/Documents/Codex/Pillyliu Pinball Website/shared/pinball/images/playfields/game-of-thrones.jpg
Game of Thrones,112,4,https://pinside.com/pinball/market/classifieds/archive/194543,For sale: Game of Thrones (LE) w/Stern Topper & mods - for trade | Pinside Market,https://imgproxy.pinside.com/bM_0v5hpk2f0t0GL2K1AF-ywdujXm9nlOfVcYAmaXDs/rs:fit:3000:3000/fn:pinside_market_194543_2_a5a36562ad27/wm:0.8:soea:10:10:0.07/wmu:aHR0cHM6Ly9waW5zaWRlLmNvbS9pbWcvbG9nby9waW5zaWRlLXdhdGVybWFyay1mdWxsLW9wLnN2Zw/enc/g-8kpfwswvQ44drB7Ig-PgSXE9XvLc4F67IR0Y0zkJc9-9019BhajtWvcCuAyXu7mmfaOPjgrAO7H8_YLNjydc2z84b4DXOkSL2wDmWHZJMbP1Vw9IwAEZUI6Urk2eiQ.jpg,/Users/pillyliu/Documents/Codex/Pillyliu Pinball Website/shared/pinball/images/playfields/game-of-thrones.jpg
Game of Thrones,112.8,4,https://pinside.com/pinball/market/classifieds/archive/168865,FS: Game of Thrones LE w/ ColorDMD & Topper - for sale | Pinside Market,https://imgproxy.pinside.com/xKFv0iNLXtDAnWL8N5krh77Rwtmq2vBowanqvXoA2bs/rs:fit:3000:3000/fn:pinside_market_168865_d07a932b9bfd/wm:0.8:soea:10:10:0.07/wmu:aHR0cHM6Ly9waW5zaWRlLmNvbS9pbWcvbG9nby9waW5zaWRlLXdhdGVybWFyay1mdWxsLW9wLnN2Zw/enc/R2J89EcFJYPGUdugrDYPKH8KN-m80EeqrIIizBgnaVDoTFxnUHnsltJYPAXHaKTyo88MNyRN_yMTplD1BogwH9rO0XPe7zoj_q6AppF6OaoF9b4CJR9NvSJDaT3Tzyid.jpg,/Users/pillyliu/Documents/Codex/Pillyliu Pinball Website/shared/pinball/images/playfields/game-of-thrones.jpg
Game of Thrones,128.8,4,https://pinside.com/pinball/market/classifieds/archive/180382,For sale: Game Of Thrones (Pro) - for sale | Pinside Market,https://imgproxy.pinside.com/kIz1mjH9LZSkcT92Q1z5giFU3XwOc0iEiETp9458v2o/rs:fit:3000:3000/fn:pinside_market_180382_3_591555002706/wm:0.8:soea:10:10:0.07/wmu:aHR0cHM6Ly9waW5zaWRlLmNvbS9pbWcvbG9nby9waW5zaWRlLXdhdGVybWFyay1mdWxsLW9wLnN2Zw/enc/bQzPBX_admE8rukr5RfChu6kfR1eG4IcynYDy7iJr-P_G9JKKQ4ai_e-UoFT7szULqW6m_t2uYw5KBewlEvmFk2uabsEbueLFy_mGp-H8dLD1tnDH8C49is47w86mSrw.jpeg,/Users/pillyliu/Documents/Codex/Pillyliu Pinball Website/shared/pinball/images/playfields/game-of-thrones.jpg
Attack from Mars,109.6,4,https://pinside.com/pinball/market/classifieds/archive/185347,For sale: Attack from Mars - for trade | Pinside Market,https://imgproxy.pinside.com/idDMbv_UpeWVVfAMfmYrZO2JwUo6R6eYmEUn0hnUnIE/rs:fit:3000:3000/fn:pinside_market_185347_1_4d9616554075/wm:0.8:soea:10:10:0.07/wmu:aHR0cHM6Ly9waW5zaWRlLmNvbS9pbWcvbG9nby9waW5zaWRlLXdhdGVybWFyay1mdWxsLW9wLnN2Zw/enc/3__XxegvY3dX5o-1-oBpMsDsp7VgmMKoaBv3-n5QCIwpe4HdIS-NvrCc0-ezq-lABhxQlW_B7HaDzfjewOehBGf-_6MJvfm5IY8g1XESk3Yw66keFRQdmnJT5IdAHFFu.jpg,/Users/pillyliu/Documents/Codex/Pillyliu Pinball Website/shared/pinball/images/playfields/attack-from-mars.jpg
Attack from Mars,113.2,4,https://pinside.com/pinball/market/classifieds/archive/189481,For sale: Attack from Mars - for sale | Pinside Market,https://imgproxy.pinside.com/FaRm_JSlJ_2hnmg5MSfjmfg9tesiRmy6hUKYFI57jR8/rs:fit:3000:3000/fn:pinside_market_189481_bd1170280e6b/wm:0.8:soea:10:10:0.07/wmu:aHR0cHM6Ly9waW5zaWRlLmNvbS9pbWcvbG9nby9waW5zaWRlLXdhdGVybWFyay1mdWxsLW9wLnN2Zw/enc/5rFoq9894sICenLzrm5qBLeH3KL7yAS6Nng9XFIbNN2WeC5bdU-RmWGUEemZAFmUYjz2AwkGMTVFbKHE6VoqzQhGwLX8GRwYf20kdB9vY77YOQpaLtU8V7wBiVhaLsdq.jpg,/Users/pillyliu/Documents/Codex/Pillyliu Pinball Website/shared/pinball/images/playfields/attack-from-mars.jpg
Attack from Mars,115.6,4,https://pinside.com/pinball/market/classifieds/archive/198688,Spectacular AFM Attack From Mars Pinball Machine! - for sale | Pinside Market,https://imgproxy.pinside.com/kBNnjyuK3DXPDuLynzhMnf9ObMDgvzmTP6D2UqkX4bI/rs:fit:3000:3000/fn:pinside_market_198688_3_12c01cab042f/wm:0.8:soea:10:10:0.07/wmu:aHR0cHM6Ly9waW5zaWRlLmNvbS9pbWcvbG9nby9waW5zaWRlLXdhdGVybWFyay1mdWxsLW9wLnN2Zw/enc/Nz0DfIRYDRhQSRfSISDbADe8raLZfP-Z3IDSQeK2DTBZNBzgtCo1pE1ohPe7uBBbL2naDC4qETj6qFvs07B589WMbjBWCew0oZcwVH0e3kUbw5YL0awWgbVkkdZD2KMC.jpg,/Users/pillyliu/Documents/Codex/Pillyliu Pinball Website/shared/pinball/images/playfields/attack-from-mars.jpg
Attack from Mars,119.2,4,https://pinside.com/pinball/market/classifieds/archive/201620,For sale: Attack from Mars - for sale | Pinside Market,https://imgproxy.pinside.com/2znoGdBMWpozbxBUXfcaBp91KnfAFfUSwFmZGmXsjDY/rs:fit:3000:3000/fn:pinside_market_201620_b68b3920ce51/wm:0.8:soea:10:10:0.07/wmu:aHR0cHM6Ly9waW5zaWRlLmNvbS9pbWcvbG9nby9waW5zaWRlLXdhdGVybWFyay1mdWxsLW9wLnN2Zw/enc/d6rECjAqQq_Xx7pB4ad-Zjnr_pWBOK-XPrlQkeIVyU0VPy0l0CmxIy1ndEkF247Z4k-B3OQ17l-cT36jJ7m4ylr652QqLu7JhnF5iw9It-aqdO5Ach8LeYpIXo-rC_tI.jpeg,/Users/pillyliu/Documents/Codex/Pillyliu Pinball Website/shared/pinball/images/playfields/attack-from-mars.jpg
Attack from Mars,121.6,4,https://pinside.com/pinball/market/classifieds/archive/198680,Attack From Mars Remake Special ED Only 16 plays GRAB IT ! - for sale | Pinside Market,https://imgproxy.pinside.com/hUimdmtlET2IExg_jZIK_ecz2S-JUnoFrdIRznYnzmw/rs:fit:3000:3000/fn:pinside_market_198680_25257cbfd12d/wm:0.8:soea:10:10:0.07/wmu:aHR0cHM6Ly9waW5zaWRlLmNvbS9pbWcvbG9nby9waW5zaWRlLXdhdGVybWFyay1mdWxsLW9wLnN2Zw/enc/wwQTLmH76oPcuuxMWWM_irRlvi8mMwAn3cB7sZGuwRySgXv0v-rDKPJaMdcdfnqvrCaeE0_MV1J4D7cPBkxk9RtbTi0ra8-VP0f8AJH88LWtp3Wi7SwKvmEdwAfWkK7j.jpeg,/Users/pillyliu/Documents/Codex/Pillyliu Pinball Website/shared/pinball/images/playfields/attack-from-mars.jpg
Medieval Madness,111.2,4,https://pinside.com/pinball/market/classifieds/archive/202782,"Medieval Madness Remake (Standard Edition, 2015) - for sale | Pinside Market",https://imgproxy.pinside.com/MmRBfSY5OEn3xQ5wX1sSb4qHTbHKMqgCWOlzPokf_Iw/rs:fit:3000:3000/fn:pinside_market_202782_2_b630ee930c77/wm:0.8:soea:10:10:0.07/wmu:aHR0cHM6Ly9waW5zaWRlLmNvbS9pbWcvbG9nby9waW5zaWRlLXdhdGVybWFyay1mdWxsLW9wLnN2Zw/enc/HzpIFUmvn3UeLua3hju8UAIyPOX6_io85ip_sRqbcUlwoI5cqZVJr3qv1rGG5UzHH96lQUrhdzcqRRBmzDo38CzWcGnKxr1rac_c4Iq2HfPsDKiarEzXewMx7woDkmJi.jpeg,/Users/pillyliu/Documents/Codex/Pillyliu Pinball Website/shared/pinball/images/playfields/medieval-madness.jpg
Medieval Madness,116.4,4,https://pinside.com/pinball/market/classifieds/archive/18530,Medieval Madness - Located 19 miles from TPF - for sale | Pinside Market,https://imgproxy.pinside.com/vK3uUeugUSjMH6knfNPFCDvkoMXjHrGssiVUt9U6R1w/rs:fit:3000:3000/fn:pinside_market_18530_13cd73d15a24/wm:0.8:soea:10:10:0.07/wmu:aHR0cHM6Ly9waW5zaWRlLmNvbS9pbWcvbG9nby9waW5zaWRlLXdhdGVybWFyay1mdWxsLW9wLnN2Zw/enc/TRsy9YNFCVT3zmlkDcIuoNLyLCA90DsnOr74ytDmlT6mg-xG2SIvS1OXqsKGs_Zr0BM2rd4-KzlVkOpl7pEnPt6sNC8jXipfbA7HYdf2ZMqGs6B4itaVZu8wNpzubGzR.jpg,/Users/pillyliu/Documents/Codex/Pillyliu Pinball Website/shared/pinball/images/playfields/medieval-madness.jpg
Medieval Madness,117.6,4,https://pinside.com/pinball/market/classifieds/archive/209363,For sale: Medieval Madness - for sale | Pinside Market,https://imgproxy.pinside.com/yLde8Cb_ggRbUHlUJnsg1PWcTehMfr4PCWfZcHwqFLw/rs:fit:3000:3000/fn:pinside_market_209363_597b5a2642b0/wm:0.8:soea:10:10:0.07/wmu:aHR0cHM6Ly9waW5zaWRlLmNvbS9pbWcvbG9nby9waW5zaWRlLXdhdGVybWFyay1mdWxsLW9wLnN2Zw/enc/jQUk97WJE6CLy3TmYmVuyYDDcOGcLSewqGaAHycSmkapOEWHOKpdhOoxRrJQsaDp0EnVLM-sei0OYug9QQ3lqi46tVOoTIMIdsSD5VROVcFBpFxUeRq7qG5K2NeHl2dD.jpg,/Users/pillyliu/Documents/Codex/Pillyliu Pinball Website/shared/pinball/images/playfields/medieval-madness.jpg
Medieval Madness,122.4,4,https://pinside.com/pinball/market/classifieds/archive/200462,For sale: Medieval Madness - for sale | Pinside Market,https://imgproxy.pinside.com/jiBSiHVdRZBMQ1717KxwJ7cbeoj8vyz38_An1Re8atM/rs:fit:3000:3000/fn:pinside_market_200462_2_5155cbb49a6d/wm:0.8:soea:10:10:0.07/wmu:aHR0cHM6Ly9waW5zaWRlLmNvbS9pbWcvbG9nby9waW5zaWRlLXdhdGVybWFyay1mdWxsLW9wLnN2Zw/enc/OoCPlqNqASCnyW3_LYVt6JlBOXWKK9TSMMty8ahZZZQFZ0xCaonpzCb-YbwMyrYA2nixi8DwnkQV79873QSAqsnzyvXvgHcWfyEHk6ugN-6YKcCK9YFcGW_t_21E-07x.jpeg,/Users/pillyliu/Documents/Codex/Pillyliu Pinball Website/shared/pinball/images/playfields/medieval-madness.jpg
Medieval Madness,133.6,4,https://pinside.com/pinball/market/classifieds/archive/199901,For sale: Medieval Madness - for sale | Pinside Market,https://imgproxy.pinside.com/rBGF64knmTPoxFrkv0BiPRH3Bnq_9iAJR3-8bKlP9HQ/rs:fit:3000:3000/fn:pinside_market_199901_18c338371310/wm:0.8:soea:10:10:0.07/wmu:aHR0cHM6Ly9waW5zaWRlLmNvbS9pbWcvbG9nby9waW5zaWRlLXdhdGVybWFyay1mdWxsLW9wLnN2Zw/enc/lbtUyngIq3Nheau9U5nQ_0DKUdDIyEYjlC7mTg4OQNpbch6UsX3Fgv9MKwK2f5B3shGjpHQeOSkFAc-AbcUQ6K3seWNzEzJSR80YUEa51ydDTPLm21iR2F8oKL3hJkA2.jpg,/Users/pillyliu/Documents/Codex/Pillyliu Pinball Website/shared/pinball/images/playfields/medieval-madness.jpg